<?xml version="1.0"?>
<doc>
    <assembly>
        <name>Ionic.Zlib.CF</name>
    </assembly>
    <members>
        <member name="T:Ionic.Zlib.CompressionLevel">
            <summary>
            The compression level to be used when using a DeflateStream or ZlibStream with CompressionMode.Compress.
            </summary>
        </member>
        <member name="F:Ionic.Zlib.CompressionLevel.NONE">
            <summary>
            NONE means that the data will be simply stored, with no change at all.
            </summary>
        </member>
        <member name="F:Ionic.Zlib.CompressionLevel.LEVEL0_NONE">
            <summary>
            Same as NONE.
            </summary>
        </member>
        <member name="F:Ionic.Zlib.CompressionLevel.BEST_SPEED">
            <summary>
            The fastest but least effective compression.
            </summary>
        </member>
        <member name="F:Ionic.Zlib.CompressionLevel.LEVEL1_BEST_SPEED">
            <summary>
            A synonym for BEST_SPEED.
            </summary>
        </member>
        <member name="F:Ionic.Zlib.CompressionLevel.LEVEL2">
            <summary>
            A little slower, but better, than level 1.
            </summary>
        </member>
        <member name="F:Ionic.Zlib.CompressionLevel.LEVEL3">
            <summary>
            A little slower, but better, than level 2.
            </summary>
        </member>
        <member name="F:Ionic.Zlib.CompressionLevel.LEVEL4">
            <summary>
            A little slower, but better, than level 3.
            </summary>
        </member>
        <member name="F:Ionic.Zlib.CompressionLevel.LEVEL5">
            <summary>
            A little slower, but better, than level 4.
            </summary>
        </member>
        <member name="F:Ionic.Zlib.CompressionLevel.DEFAULT">
            <summary>
            The default compression level.  Do these levels even matter?  Do people even care?  
            I have never measured the speed difference.  
            </summary>
        </member>
        <member name="F:Ionic.Zlib.CompressionLevel.LEVEL6_DEFAULT">
            <summary>
            A synonym for DEFAULT.
            </summary>
        </member>
        <member name="F:Ionic.Zlib.CompressionLevel.LEVEL7">
            <summary>
            Pretty good compression!
            </summary>
        </member>
        <member name="F:Ionic.Zlib.CompressionLevel.LEVEL8">
            <summary>
             Still better compression!
            </summary>
        </member>
        <member name="F:Ionic.Zlib.CompressionLevel.BEST_COMPRESSION">
            <summary>
            The "best" compression, where best means greatest reduction in size of the input data stream. 
            This is also the slowest compression.
            </summary>
        </member>
        <member name="F:Ionic.Zlib.CompressionLevel.LEVEL9_BEST_COMPRESSION">
            <summary>
            A synonym for BEST_COMPRESSION.
            </summary>
        </member>
        <member name="T:Ionic.Zlib.CompressionStrategy">
            <summary>
            I honestly don't know what this means, but it is possible to set it in the SetDeflateParameters() call.
            </summary>
        </member>
        <member name="F:Ionic.Zlib.CompressionStrategy.DEFAULT">
            <summary>
            It's probably safest to just leave this alone, or select the default. 
            </summary>
        </member>
        <member name="F:Ionic.Zlib.CompressionStrategy.FILTERED">
            <summary>
            I don't know what this does. 
            </summary>
        </member>
        <member name="F:Ionic.Zlib.CompressionStrategy.HUFFMAN_ONLY">
            <summary>
            I don't know what this setting does either.
            </summary>
        </member>
        <member name="T:Ionic.Zlib.CompressionMode">
            <summary>
            An enum to specify the direction of transcoding - whether to compress or decompress.
            </summary>
        </member>
        <member name="F:Ionic.Zlib.CompressionMode.Compress">
            <summary>
            Used to specify that the stream should compress the data.
            </summary>
        </member>
        <member name="F:Ionic.Zlib.CompressionMode.Decompress">
            <summary>
            Used to specify that the stream should decompress the data.
            </summary>
        </member>
        <member name="T:Ionic.Zlib.ZlibException">
            <summary>
            A general purpose exception class for exceptions in the Zlib library.
            </summary>
        </member>
        <member name="M:Ionic.Zlib.ZlibException.#ctor">
            <summary>
            The ZlibException class captures exception information generated
            by the Zlib library. 
            </summary>
        </member>
        <member name="M:Ionic.Zlib.ZlibException.#ctor(System.String)">
            <summary>
            This ctor collects a message attached to the exception.
            </summary>
            <param name="s"></param>
        </member>
        <member name="M:Ionic.Zlib.SharedUtils.URShift(System.Int32,System.Int32)">
            <summary>
            Performs an unsigned bitwise right shift with the specified number
            </summary>
            <param name="number">Number to operate on</param>
            <param name="bits">Ammount of bits to shift</param>
            <returns>The resulting number from the shift operation</returns>
        </member>
        <member name="M:Ionic.Zlib.SharedUtils.URShift(System.Int32,System.Int64)">
            <summary>
            Performs an unsigned bitwise right shift with the specified number
            </summary>
            <param name="number">Number to operate on</param>
            <param name="bits">Ammount of bits to shift</param>
            <returns>The resulting number from the shift operation</returns>
        </member>
        <member name="M:Ionic.Zlib.SharedUtils.URShift(System.Int64,System.Int32)">
            <summary>
            Performs an unsigned bitwise right shift with the specified number
            </summary>
            <param name="number">Number to operate on</param>
            <param name="bits">Ammount of bits to shift</param>
            <returns>The resulting number from the shift operation</returns>
        </member>
        <member name="M:Ionic.Zlib.SharedUtils.URShift(System.Int64,System.Int64)">
            <summary>
            Performs an unsigned bitwise right shift with the specified number
            </summary>
            <param name="number">Number to operate on</param>
            <param name="bits">Ammount of bits to shift</param>
            <returns>The resulting number from the shift operation</returns>
        </member>
        <member name="M:Ionic.Zlib.SharedUtils.ReadInput(System.IO.Stream,System.Byte[],System.Int32,System.Int32)">
            <summary>Reads a number of characters from the current source Stream and writes the data to the target array at the specified index.</summary>
            <param name="sourceStream">The source Stream to read from.</param>
            <param name="target">Contains the array of characteres read from the source Stream.</param>
            <param name="start">The starting index of the target array.</param>
            <param name="count">The maximum number of characters to read from the source Stream.</param>
            <returns>The number of characters read. The number will be less than or equal to count depending on the data available in the source Stream. Returns -1 if the end of the stream is reached.</returns>
        </member>
        <member name="M:Ionic.Zlib.SharedUtils.ReadInput(System.IO.TextReader,System.Byte[],System.Int32,System.Int32)">
            <summary>Reads a number of characters from the current source TextReader and writes the data to the target array at the specified index.</summary>
            <param name="sourceTextReader">The source TextReader to read from</param>
            <param name="target">Contains the array of characteres read from the source TextReader.</param>
            <param name="start">The starting index of the target array.</param>
            <param name="count">The maximum number of characters to read from the source TextReader.</param>
            <returns>The number of characters read. The number will be less than or equal to count depending on the data available in the source TextReader. Returns -1 if the end of the stream is reached.</returns>
        </member>
        <member name="T:Ionic.Zlib.Adler">
            <summary>
            Computes an Adler-32 checksum. 
            </summary>
            <remarks>
            The Adler checksum is similar to a CRC checksum, but faster to compute, though less reliable.  
            It is used in producing RFC1950 compressed streams.  The Adler checksum is a required part of the "ZLIB" standard.
            Applications will almost never need to use this class directly. 
            </remarks>
        </member>
        <member name="T:Ionic.Zlib.ZlibCodec">
            <summary>
            Encoder and Decoder for ZLIB (IETF RFC1950 and RFC1951).
            </summary>
            <remarks>
            This class compresses and decompresses data according to the Deflate algorithm documented in RFC1950 and RFC1951. 
            </remarks>
        </member>
        <member name="F:Ionic.Zlib.ZlibCodec.InputBuffer">
            <summary>
            The buffer from which data is taken.
            </summary>
        </member>
        <member name="F:Ionic.Zlib.ZlibCodec.NextIn">
            <summary>
            An index into the InputBuffer array, indicating where to start reading. 
            </summary>
        </member>
        <member name="F:Ionic.Zlib.ZlibCodec.AvailableBytesIn">
            <summary>
            The number of bytes available in the InputBuffer, starting at NextIn. 
            </summary>
            <remarks>
            Generally you should set this to InputBuffer.Length before the first Inflate() or Deflate() call. 
            The class will update this number as calls to Inflate/Deflate are made.
            </remarks>
        </member>
        <member name="F:Ionic.Zlib.ZlibCodec.TotalBytesIn">
            <summary>
            Total number of bytes read so far, through all calls to Inflate()/Deflate().
            </summary>
        </member>
        <member name="F:Ionic.Zlib.ZlibCodec.OutputBuffer">
            <summary>
            Buffer to store output data.
            </summary>
        </member>
        <member name="F:Ionic.Zlib.ZlibCodec.NextOut">
            <summary>
            An index into the OutputBuffer array, indicating where to start writing. 
            </summary>
        </member>
        <member name="F:Ionic.Zlib.ZlibCodec.AvailableBytesOut">
            <summary>
            The number of bytes available in the OutputBuffer, starting at NextOut. 
            </summary>
            <remarks>
            Generally you should set this to OutputBuffer.Length before the first Inflate() or Deflate() call. 
            The class will update this number as calls to Inflate/Deflate are made.
            </remarks>
        </member>
        <member name="F:Ionic.Zlib.ZlibCodec.TotalBytesOut">
            <summary>
            Total number of bytes written to the output so far, through all calls to Inflate()/Deflate().
            </summary>
        </member>
        <member name="F:Ionic.Zlib.ZlibCodec.Message">
            <summary>
            used for diagnostics, when something goes wrong!
            </summary>
        </member>
        <member name="M:Ionic.Zlib.ZlibCodec.#ctor">
            <summary>
            Create a ZlibCodec.
            </summary>
            <remarks>
            If you use this default constructor, you will later have to explicitly call 
            InitializeInflate() or InitializeDeflate() before using the ZlibCodec to compress 
            or decompress. 
            </remarks>
        </member>
        <member name="M:Ionic.Zlib.ZlibCodec.#ctor(Ionic.Zlib.CompressionMode)">
            <summary>
            Create a ZlibCodec that either compresses or decompresses.
            </summary>
            <param name="mode">
            Indicates whether the codec should compress (deflate) or decompress (inflate).
            </param>
        </member>
        <member name="M:Ionic.Zlib.ZlibCodec.InitializeInflate">
            <summary>
            Initialize the inflation state. 
            </summary>
            <remarks>
            It is not necessary to call this before using the ZlibCodec to inflate data; 
            It is implicitly called when you call the constructor.
            </remarks>
            <returns>Z_OK if everything goes well.</returns>
        </member>
        <member name="M:Ionic.Zlib.ZlibCodec.InitializeInflate(System.Boolean)">
            <summary>
            Initialize the inflation state with an explicit flag to govern the handling of RFC1950 header bytes. 
            </summary>
            <remarks>
            By default, the RFC1950 header is expected.  If you want to read a zlib stream 
            you should specify true for expectRfc1950Header.  If you have a deflate stream, you will
            want to specify false. It is only necessary to invoke this initializer explicitly if you want 
            to specify false.
            </remarks>
            <param name="expectRfc1950Header">whether to expect an RFC1950 header byte pair when reading the stream of data to be inflated.</param>
            <returns>Z_OK if everything goes well.</returns>
        </member>
        <member name="M:Ionic.Zlib.ZlibCodec.InitializeInflate(System.Int32)">
            <summary>
            Initialize the ZlibCodec for inflation, with the specified number of window bits. 
            </summary>
            <param name="windowBits">The number of window bits to use. If you need to ask what that is, 
            then you shouldn't be calling this initializer.</param>
            <returns>Z_OK if all goes well.</returns>
        </member>
        <member name="M:Ionic.Zlib.ZlibCodec.InitializeInflate(System.Int32,System.Boolean)">
            <summary>
            Initialize the inflation state with an explicit flag to govern the handling of RFC1950 header bytes. 
            </summary>
            <remarks>
            If you want to read a zlib stream 
            you should specify true for expectRfc1950Header.  If you have a deflate stream, you will
            want to specify false. 
            </remarks>
            <param name="expectRfc1950Header">whether to expect an RFC1950 header byte pair when reading 
            the stream of data to be inflated.</param>
            <param name="windowBits">The number of window bits to use. If you need to ask what that is, 
            then you shouldn't be calling this initializer.</param>
            <returns>Z_OK if everything goes well.</returns>
        </member>
        <member name="M:Ionic.Zlib.ZlibCodec.Inflate(System.Int32)">
             <summary>
             Inflate the data in the InputBuffer, placing the result in the OutputBuffer.
             </summary>
             <remarks>
             You must have set InputBuffer and OutputBuffer, NextIn and NextOut, and AvailableBytesIn and 
             AvailableBytesOut  before calling this method.
             </remarks>
             <example>
             <code>
             private void InflateBuffer()
             {
                 int bufferSize = 1024;
                 byte[] buffer = new byte[bufferSize];
                 ZlibCodec decompressor = new ZlibCodec();
             
                 Console.WriteLine("\n============================================");
                 Console.WriteLine("Size of Buffer to Inflate: {0} bytes.", CompressedBytes.Length);
                 MemoryStream ms = new MemoryStream(DecompressedBytes);
             
                 int rc = decompressor.InitializeInflate();
             
                 decompressor.InputBuffer = CompressedBytes;
                 decompressor.NextIn = 0;
                 decompressor.AvailableBytesIn = CompressedBytes.Length;
             
                 decompressor.OutputBuffer = buffer;
             
                 // pass 1: inflate 
                 do
                 {
                     decompressor.NextOut = 0;
                     decompressor.AvailableBytesOut = buffer.Length;
                     rc = decompressor.Inflate(ZlibConstants.Z_NO_FLUSH);
             
                     if (rc != ZlibConstants.Z_OK &amp;&amp; rc != ZlibConstants.Z_STREAM_END)
                         throw new Exception("inflating: " + decompressor.Message);
             
                     ms.Write(decompressor.OutputBuffer, 0, buffer.Length - decompressor.AvailableBytesOut);
                 }
                 while (decompressor.AvailableBytesIn &gt; 0 || decompressor.AvailableBytesOut == 0);
             
                 // pass 2: finish and flush
                 do
                 {
                     decompressor.NextOut = 0;
                     decompressor.AvailableBytesOut = buffer.Length;
                     rc = decompressor.Inflate(ZlibConstants.Z_FINISH);
             
                     if (rc != ZlibConstants.Z_STREAM_END &amp;&amp; rc != ZlibConstants.Z_OK)
                         throw new Exception("inflating: " + decompressor.Message);
             
                     if (buffer.Length - decompressor.AvailableBytesOut &gt; 0)
                         ms.Write(buffer, 0, buffer.Length - decompressor.AvailableBytesOut);
                 }
                 while (decompressor.AvailableBytesIn &gt; 0 || decompressor.AvailableBytesOut == 0);
             
                 decompressor.EndInflate();
             }
            
             </code>
             </example>
             <param name="f">I think you want to set this to Z_NO_FLUSH.</param>
             <returns>Z_OK if everything goes well.</returns>
        </member>
        <member name="M:Ionic.Zlib.ZlibCodec.EndInflate">
            <summary>
            Ends an inflation session. 
            </summary>
            <remarks>
            Call this after successively calling Inflate().  This will cause all buffers to be flushed. 
            After calling this you cannot call Inflate() without a intervening call to one of the
            InitializeInflate() overloads.
            </remarks>
            <returns>Z_OK if everything goes well.</returns>
        </member>
        <member name="M:Ionic.Zlib.ZlibCodec.SyncInflate">
            <summary>
            I don't know what this does!
            </summary>
            <returns>Z_OK if everything goes well.</returns>
        </member>
        <member name="M:Ionic.Zlib.ZlibCodec.InitializeDeflate">
            <summary>
            Initialize the ZlibCodec for deflation operation.
            </summary>
            <remarks>
            The codec will use the MAX window bits and the default level of compression.
            </remarks>
            <example>
            <code>
             int bufferSize = 40000;
             byte[] CompressedBytes = new byte[bufferSize];
             byte[] DecompressedBytes = new byte[bufferSize];
             
             ZlibCodec compressor = new ZlibCodec();
             
             compressor.InitializeDeflate(CompressionLevel.DEFAULT);
             
             compressor.InputBuffer = System.Text.ASCIIEncoding.ASCII.GetBytes(TextToCompress);
             compressor.NextIn = 0;
             compressor.AvailableBytesIn = compressor.InputBuffer.Length;
             
             compressor.OutputBuffer = CompressedBytes;
             compressor.NextOut = 0;
             compressor.AvailableBytesOut = CompressedBytes.Length;
             
             while (compressor.TotalBytesIn != TextToCompress.Length &amp;&amp; compressor.TotalBytesOut &lt; bufferSize)
             {
               compressor.Deflate(ZlibConstants.Z_NO_FLUSH);
             }
             
             while (true)
             {
               int rc= compressor.Deflate(ZlibConstants.Z_FINISH);
               if (rc == ZlibConstants.Z_STREAM_END) break;
             }
             
             compressor.EndDeflate();
              
            </code>
            </example>
            <returns>Z_OK if all goes well. You generally don't need to check the return code.</returns>
        </member>
        <member name="M:Ionic.Zlib.ZlibCodec.InitializeDeflate(Ionic.Zlib.CompressionLevel)">
            <summary>
            Initialize the ZlibCodec for deflation operation, using the specified CompressionLevel.
            </summary>
            <remarks>
            The codec will use the MAX window bits and the specified CompressionLevel.
            </remarks>
            <param name="level">The compression level for the codec.</param>
            <returns>Z_OK if all goes well.</returns>
        </member>
        <member name="M:Ionic.Zlib.ZlibCodec.InitializeDeflate(Ionic.Zlib.CompressionLevel,System.Boolean)">
            <summary>
            Initialize the ZlibCodec for deflation operation, using the specified CompressionLevel, 
            and the explicit flag governing whether to emit an RFC1950 header byte pair.
            </summary>
            <remarks>
            The codec will use the MAX window bits and the specified CompressionLevel.
            </remarks>
            <param name="level">The compression level for the codec.</param>
            <param name="wantRfc1950Header">whether to emit an initial RFC1950 byte pair in the compressed stream.</param>
            <returns>Z_OK if all goes well.</returns>
        </member>
        <member name="M:Ionic.Zlib.ZlibCodec.InitializeDeflate(Ionic.Zlib.CompressionLevel,System.Int32)">
            <summary>
            Initialize the ZlibCodec for deflation operation, using the specified CompressionLevel, 
            and the specified number of window bits. 
            </summary>
            <remarks>
            The codec will use the specified number of window bits and the specified CompressionLevel.
            </remarks>
            <param name="level">The compression level for the codec.</param>
            <param name="bits">the number of window bits to use.  If you don't know what this means, don't use this method.</param>
            <returns>Z_OK if all goes well.</returns>
        </member>
        <member name="M:Ionic.Zlib.ZlibCodec.InitializeDeflate(Ionic.Zlib.CompressionLevel,System.Int32,System.Boolean)">
            <summary>
            Initialize the ZlibCodec for deflation operation, using the specified CompressionLevel, 
            the specified number of window bits, and the explicit flag governing whether to emit an RFC1950 header byte pair.
            </summary>
            <param name="level">The compression level for the codec.</param>
            <param name="wantRfc1950Header">whether to emit an initial RFC1950 byte pair in the compressed stream.</param>
            <param name="bits">the number of window bits to use.  If you don't know what this means, don't use this method.</param>
            <returns>Z_OK if all goes well.</returns>
        </member>
        <member name="M:Ionic.Zlib.ZlibCodec.Deflate(System.Int32)">
            <summary>
            Deflate one batch of data.
            </summary>
            <remarks>
            You must have set InputBuffer and OutputBuffer before calling this method.
            </remarks>
            <example>
            <code>
            private void DeflateBuffer(CompressionLevel level)
            {
                int bufferSize = 1024;
                byte[] buffer = new byte[bufferSize];
                ZlibCodec compressor = new ZlibCodec();
            
                Console.WriteLine("\n============================================");
                Console.WriteLine("Size of Buffer to Deflate: {0} bytes.", UncompressedBytes.Length);
                MemoryStream ms = new MemoryStream();
            
                int rc = compressor.InitializeDeflate(level);
            
                compressor.InputBuffer = UncompressedBytes;
                compressor.NextIn = 0;
                compressor.AvailableBytesIn = UncompressedBytes.Length;
            
                compressor.OutputBuffer = buffer;
            
                // pass 1: deflate 
                do
                {
                    compressor.NextOut = 0;
                    compressor.AvailableBytesOut = buffer.Length;
                    rc = compressor.Deflate(ZlibConstants.Z_NO_FLUSH);
            
                    if (rc != ZlibConstants.Z_OK &amp;&amp; rc != ZlibConstants.Z_STREAM_END)
                        throw new Exception("deflating: " + compressor.Message);
            
                    ms.Write(compressor.OutputBuffer, 0, buffer.Length - compressor.AvailableBytesOut);
                }
                while (compressor.AvailableBytesIn &gt; 0 || compressor.AvailableBytesOut == 0);
            
                // pass 2: finish and flush
                do
                {
                    compressor.NextOut = 0;
                    compressor.AvailableBytesOut = buffer.Length;
                    rc = compressor.Deflate(ZlibConstants.Z_FINISH);
            
                    if (rc != ZlibConstants.Z_STREAM_END &amp;&amp; rc != ZlibConstants.Z_OK)
                        throw new Exception("deflating: " + compressor.Message);
            
                    if (buffer.Length - compressor.AvailableBytesOut &gt; 0)
                        ms.Write(buffer, 0, buffer.Length - compressor.AvailableBytesOut);
                }
                while (compressor.AvailableBytesIn &gt; 0 || compressor.AvailableBytesOut == 0);
            
                compressor.EndDeflate();
            
                ms.Seek(0, SeekOrigin.Begin);
                CompressedBytes = new byte[compressor.TotalBytesOut];
                ms.Read(CompressedBytes, 0, CompressedBytes.Length);
            }
            </code>
            </example>
            <param name="flush">whether to flush all data as you deflate. Generally you will want to 
            use Z_NO_FLUSH here, in a series of calls to Deflate(), and then call EndDeflate() to 
            flush everything. 
            </param>
            <returns>Z_OK if all goes well.</returns>
        </member>
        <member name="M:Ionic.Zlib.ZlibCodec.EndDeflate">
            <summary>
            End a deflation session.
            </summary>
            <remarks>
            Call this after making a series of one or more calls to Deflate(). All buffers are flushed.
            </remarks>
            <returns>Z_OK if all goes well.</returns>
        </member>
        <member name="M:Ionic.Zlib.ZlibCodec.SetDeflateParams(Ionic.Zlib.CompressionLevel,Ionic.Zlib.CompressionStrategy)">
            <summary>
            Set the CompressionStrategy and CompressionLevel for a deflation session.
            </summary>
            <param name="level">the level of compression to use.</param>
            <param name="strategy">the strategy to use for compression.</param>
            <returns>Z_OK if all goes well.</returns>
        </member>
        <member name="M:Ionic.Zlib.ZlibCodec.SetDictionary(System.Byte[])">
            <summary>
            Set the dictionary to be used for either Inflation or Deflation.
            </summary>
            <param name="dictionary">The dictionary bytes to use.</param>
            <returns>Z_OK if all goes well.</returns>
        </member>
        <member name="P:Ionic.Zlib.ZlibCodec.Adler32">
            <summary>
            The Adler32 checksum on the data transferred through the codec so far. You probably don't need to look at this.
            </summary>
        </member>
        <member name="T:Ionic.Zlib.ZlibConstants">
            <summary>
            A bunch of constants used in the Zlib interface.
            </summary>
        </member>
        <member name="F:Ionic.Zlib.ZlibConstants.Z_NO_FLUSH">
            <summary>
            No flush at all.
            </summary>
        </member>
        <member name="F:Ionic.Zlib.ZlibConstants.Z_PARTIAL_FLUSH">
            <summary>
            A little bit of flush?
            </summary>
        </member>
        <member name="F:Ionic.Zlib.ZlibConstants.Z_SYNC_FLUSH">
            <summary>
            Sync flush?
            </summary>
        </member>
        <member name="F:Ionic.Zlib.ZlibConstants.Z_FULL_FLUSH">
            <summary>
            Full flush?
            </summary>
        </member>
        <member name="F:Ionic.Zlib.ZlibConstants.Z_FINISH">
            <summary>
            Finish?
            </summary>
        </member>
        <member name="F:Ionic.Zlib.ZlibConstants.WINDOW_BITS_MAX">
            <summary>
            The maximum number of window bits for the Deflate algorithm.
            </summary>
        </member>
        <member name="F:Ionic.Zlib.ZlibConstants.WINDOW_BITS_DEFAULT">
            <summary>
            The default number of window bits for the Deflate algorithm.
            </summary>
        </member>
        <member name="F:Ionic.Zlib.ZlibConstants.Z_OK">
            <summary>
            indicates everything is A-OK
            </summary>
        </member>
        <member name="F:Ionic.Zlib.ZlibConstants.Z_STREAM_END">
            <summary>
            Indicates that the last operation reached the end of the stream.
            </summary>
        </member>
        <member name="F:Ionic.Zlib.ZlibConstants.Z_NEED_DICT">
            <summary>
            The operation ended in need of a dictionary. 
            </summary>
        </member>
        <member name="F:Ionic.Zlib.ZlibConstants.Z_STREAM_ERROR">
            <summary>
            There was an error with the stream - not enough data, not open and readable, etc.
            </summary>
        </member>
        <member name="F:Ionic.Zlib.ZlibConstants.Z_DATA_ERROR">
            <summary>
            There was an error with the data - not enough data, bad data, etc.
            </summary>
        </member>
        <member name="F:Ionic.Zlib.ZlibConstants.Z_BUF_ERROR">
            <summary>
            There was an error with the working buffer.
            </summary>
        </member>
        <member name="T:Ionic.Zlib.DeflateStream">
            <summary>
            A class for compressing and decompressing streams using the Deflate algorithm.
            </summary>
            <remarks>
            <para>
            Data can be compressed or decompressed, and either of those can be through reading or writing. 
            For more information on the Deflate algorithm, see IETF RFC 1951, "DEFLATE Compressed Data 
            Format Specification version 1.3." 
            </para>
            <para>
            This class is similar to <see cref="T:Ionic.Zlib.ZlibStream"/>, except that <c>ZlibStream</c> adds the RFC1950 
            header bytes to a compressed stream when compressing, or expects the RFC1950 header bytes when 
            decompressing. The <c>DeflateStream</c> does not.
            </para>
            </remarks>
        </member>
        <member name="M:Ionic.Zlib.DeflateStream.#ctor(System.IO.Stream,Ionic.Zlib.CompressionMode)">
            <summary>
            Create a DeflateStream using the specified CompressionMode.
            </summary>
            <remarks>
            The DeflateStream will use the default compression level.
            </remarks>
            <example>
            This example shows how to use a DeflateStream to compress data.
            <code>
            using (System.IO.Stream input = System.IO.File.OpenRead(fileToCompress))
            {
                using (var raw = System.IO.File.Create(outputFile))
                {
                    using (Stream compressor = new DeflateStream(raw, CompressionMode.Compress))
                    {
                        byte[] buffer = new byte[WORKING_BUFFER_SIZE];
                        int n= -1;
                        while (n != 0)
                        {
                            if (n &gt; 0) 
                                compressor.Write(buffer, 0, n);
                            n= input.Read(buffer, 0, buffer.Length);
                        }
                    }
                }
            }
            </code>
            <code lang="VB">
            Dim outputFile As String = (fileToCompress &amp; ".compressed")
            Using input As Stream = File.OpenRead(fileToCompress)
                Using raw As FileStream = File.Create(outputFile)
            	Using compressor As Stream = New DeflateStream(raw, CompressionMode.Compress)
            	    Dim buffer As Byte() = New Byte(4096) {}
            	    Dim n As Integer = -1
            	    Do While (n &lt;&gt; 0)
            		If (n &gt; 0) Then
            		    compressor.Write(buffer, 0, n)
            		End If
            		n = input.Read(buffer, 0, buffer.Length)
            	    Loop
            	End Using
                End Using
            End Using
            </code>
            </example>
            <param name="stream">The stream which will be read or written.</param>
            <param name="mode">Indicates whether the DeflateStream will compress or decompress.</param>
        </member>
        <member name="M:Ionic.Zlib.DeflateStream.#ctor(System.IO.Stream,Ionic.Zlib.CompressionMode,Ionic.Zlib.CompressionLevel)">
            <summary>
            Create a DeflateStream using the specified CompressionMode and the specified CompressionLevel.
            </summary>
            <example>
            This example shows how to use a DeflateStream to compress data.
            <code>
            using (System.IO.Stream input = System.IO.File.OpenRead(fileToCompress))
            {
                using (var raw = System.IO.File.Create(outputFile))
                {
                    using (Stream compressor = new DeflateStream(raw,
                                                                 CompressionMode.Compress, 
                                                                 CompressionLevel.BEST_COMPRESSION))
                    {
                        byte[] buffer = new byte[WORKING_BUFFER_SIZE];
                        int n= -1;
                        while (n != 0)
                        {
                            if (n &gt; 0) 
                                compressor.Write(buffer, 0, n);
                            n= input.Read(buffer, 0, buffer.Length);
                        }
                    }
                }
            }
            </code>
            <code lang="VB">
            Dim outputFile As String = (fileToCompress &amp; ".compressed")
            Using input As Stream = File.OpenRead(fileToCompress)
                Using raw As FileStream = File.Create(outputFile)
            	Using compressor As Stream = New DeflateStream(raw, CompressionMode.Compress, CompressionLevel.BEST_COMPRESSION)
            	    Dim buffer As Byte() = New Byte(4096) {}
            	    Dim n As Integer = -1
            	    Do While (n &lt;&gt; 0)
            		If (n &gt; 0) Then
            		    compressor.Write(buffer, 0, n)
            		End If
            		n = input.Read(buffer, 0, buffer.Length)
            	    Loop
            	End Using
                End Using
            End Using
            </code>
            </example>
            <param name="stream">The stream to be read or written while deflating or inflating.</param>
            <param name="mode">Indicates whether the DeflateStream will compress or decompress.</param>
            <param name="level">A tuning knob to trade speed for effectiveness.</param>
        </member>
        <member name="M:Ionic.Zlib.DeflateStream.#ctor(System.IO.Stream,Ionic.Zlib.CompressionMode,System.Boolean)">
            <summary>
            Create a DeflateStream using the specified CompressionMode, and explicitly specify whether
            the stream should be left open after Deflation or Inflation.
            </summary>
            <remarks>
            <para>
            This constructor allows the application to request that the captive stream remain open after
            the deflation or inflation occurs.  By default, after Close() is called on the stream, the 
            captive stream is also closed. In some cases this is not desired, for example if the stream 
            is a memory stream that will be re-read after compression.  Specify true for the 
            leaveOpen parameter to leave the stream open. 
            </para>
            <para>
            The DeflateStream will use the default compression level.
            </para>
            <para>
            See the other overloads of this constructor for example code.
            </para>
            </remarks>
            <param name="stream">The stream which will be read or written. This is called the 
            "captive" stream in other places in this documentation.</param>
            <param name="mode">Indicates whether the DeflateStream will compress or decompress.</param>
            <param name="leaveOpen">true if the application would like the stream to remain open after inflation/deflation.</param>
        </member>
        <member name="M:Ionic.Zlib.DeflateStream.#ctor(System.IO.Stream,Ionic.Zlib.CompressionMode,Ionic.Zlib.CompressionLevel,System.Boolean)">
            <summary>
            Create a DeflateStream using the specified CompressionMode and the specified CompressionLevel, 
            and explicitly specify whether
            the stream should be left open after Deflation or Inflation.
            </summary>
            <remarks>
            <para>
            This constructor allows the application to request that the captive stream remain open after
            the deflation or inflation occurs.  By default, after Close() is called on the stream, the 
            captive stream is also closed. In some cases this is not desired, for example if the stream 
            is a memory stream that will be re-read after compression.  Specify true for the 
            leaveOpen parameter to leave the stream open. 
            </para>
            </remarks>
            <example>
            This example shows how to use a DeflateStream to compress data.
            <code>
            using (System.IO.Stream input = System.IO.File.OpenRead(fileToCompress))
            {
                using (var raw = System.IO.File.Create(outputFile))
                {
                    using (Stream compressor = new DeflateStream(raw, CompressionMode.Compress, true))
                    {
                        byte[] buffer = new byte[WORKING_BUFFER_SIZE];
                        int n= -1;
                        while (n != 0)
                        {
                            if (n &gt; 0) 
                                compressor.Write(buffer, 0, n);
                            n= input.Read(buffer, 0, buffer.Length);
                        }
                    }
                }
            }
            </code>
            <code lang="VB">
            Dim outputFile As String = (fileToCompress &amp; ".compressed")
            Using input As Stream = File.OpenRead(fileToCompress)
                Using raw As FileStream = File.Create(outputFile)
            	Using compressor As Stream = New DeflateStream(raw, CompressionMode.Compress, True)
            	    Dim buffer As Byte() = New Byte(4096) {}
            	    Dim n As Integer = -1
            	    Do While (n &lt;&gt; 0)
            		If (n &gt; 0) Then
            		    compressor.Write(buffer, 0, n)
            		End If
            		n = input.Read(buffer, 0, buffer.Length)
            	    Loop
            	End Using
                End Using
            End Using
            </code>
            </example>
            <param name="stream">The stream which will be read or written.</param>
            <param name="mode">Indicates whether the DeflateStream will compress or decompress.</param>
            <param name="leaveOpen">true if the application would like the stream to remain open after inflation/deflation.</param>
            <param name="level">A tuning knob to trade speed for effectiveness.</param>
        </member>
        <member name="M:Ionic.Zlib.DeflateStream.Close">
            <summary>
            Close the stream.  
            </summary>
            <remarks>
            This may or may not close the captive stream. 
            See the ctor's with leaveOpen parameters for more information.
            </remarks>
        </member>
        <member name="M:Ionic.Zlib.DeflateStream.Flush">
            <summary>
            Flush the stream.
            </summary>
        </member>
        <member name="M:Ionic.Zlib.DeflateStream.Read(System.Byte[],System.Int32,System.Int32)">
            <summary>
            Read data from the stream. 
            </summary>
            <remarks>
            <para>
            If you wish to use the DeflateStream to compress data while reading, you can create a DeflateStream with 
            CompressionMode.Compress, providing an uncompressed data stream.  Then call Read() on that DeflateStream, 
            and the data read will be compressed. 
            If you wish to use the DeflateStream to decompress data while reading, you can create a DeflateStream with 
            CompressionMode.Decompress, providing a readable compressed data stream.  Then call Read() on that DeflateStream, 
            and the data read will be decompressed. 
            </para>
            <para>
            A DeflateStream can be used for Read() or Write(), but not both. 
            </para>
            </remarks>
            <param name="buffer">The buffer into which the read data should be placed.</param>
            <param name="offset">the offset within that data array to put the first byte read.</param>
            <param name="count">the number of bytes to read.</param>
            <returns>the number of bytes actually read</returns>
        </member>
        <member name="M:Ionic.Zlib.DeflateStream.Seek(System.Int64,System.IO.SeekOrigin)">
            <summary>
            Calling this method always throws a <see cref="T:System.NotImplementedException"/>.
            </summary>
            <param name="offset">this is irrelevant, since it will always throw!</param>
            <param name="origin">this is irrelevant, since it will always throw!</param>
            <returns>irrelevant!</returns>
        </member>
        <member name="M:Ionic.Zlib.DeflateStream.SetLength(System.Int64)">
            <summary>
            Calling this method always throws a NotImplementedException.
            </summary>
            <param name="value">this is irrelevant, since it will always throw!</param>
        </member>
        <member name="M:Ionic.Zlib.DeflateStream.Write(System.Byte[],System.Int32,System.Int32)">
            <summary>
            Write data to the stream. 
            </summary>
            <remarks>
            <para>
            If you wish to use the DeflateStream to compress data while writing, you can create a DeflateStream with 
            CompressionMode.Compress, and a writable output stream.  Then call Write() on that DeflateStream, 
            providing uncompressed data as input.  The data sent to the output stream will be the compressed form of the data written.
            If you wish to use the DeflateStream to decompress data while writing, you can create a DeflateStream with 
            CompressionMode.Decompress, and a writable output stream.  Then call Write() on that stream, providing previously 
            compressed data. The data sent to the output stream will be the decompressed form of the data written.   
            </para>
            <para>
            A DeflateStream can be used for Read() or Write(), but not both. 
            </para>
            </remarks>
            <param name="buffer">The buffer holding data to write to the stream.</param>
            <param name="offset">the offset within that data array to find the first byte to write.</param>
            <param name="count">the number of bytes to write.</param>
        </member>
        <member name="P:Ionic.Zlib.DeflateStream.FlushMode">
            <summary>
            This property sets the flush behavior on the stream.  
            Sorry, though, not sure exactly how to describe all the various settings.
            </summary>
        </member>
        <member name="P:Ionic.Zlib.DeflateStream.BufferSize">
            <summary>
            Callers can set the buffer size of the working buffer with this property.  
            </summary>
            <remarks>
            The working buffer is used for all stream operations.
            The default size is 1024 bytes.  The minimum size is 128 bytes. You may get better 
            performance with a larger buffer.  Then again, you might not.  I don't know, I haven't tested it.  
            </remarks>
        </member>
        <member name="P:Ionic.Zlib.DeflateStream.TotalIn">
            <summary> Returns the total number of bytes input so far.</summary>
        </member>
        <member name="P:Ionic.Zlib.DeflateStream.TotalOut">
            <summary> Returns the total number of bytes output so far.</summary>
        </member>
        <member name="P:Ionic.Zlib.DeflateStream.CanRead">
            <summary>
            Indicates whether the stream can be read.
            </summary>
            <remarks>
            The return value depends on whether the captive stream supports reading.
            </remarks>
        </member>
        <member name="P:Ionic.Zlib.DeflateStream.CanSeek">
            <summary>
            Indicates whether the stream supports Seek operations.
            </summary>
            <remarks>
            Always returns false.
            </remarks>
        </member>
        <member name="P:Ionic.Zlib.DeflateStream.CanWrite">
            <summary>
            Indicates whether the stream can be written.
            </summary>
            <remarks>
            The return value depends on whether the captive stream supports writing.
            </remarks>
        </member>
        <member name="P:Ionic.Zlib.DeflateStream.Length">
            <summary>
            Reading this property always throws a NotImplementedException.
            </summary>
        </member>
        <member name="P:Ionic.Zlib.DeflateStream.Position">
            <summary>
            Reading or Writing this property always throws a NotImplementedException.
            </summary>
        </member>
        <member name="T:Ionic.Zlib.ZlibStream">
            <summary>
            Represents a Zlib stream for compression or decompression.
            </summary>
            <remarks>
            <para>
            Data can be compressed or decompressed, and either of those can be through reading or writing. 
            For more information on the Deflate algorithm, see IETF RFC 1951, "DEFLATE Compressed Data 
            Format Specification version 1.3." 
            </para>
            <para>
            This class is similar to <see cref="T:Ionic.Zlib.DeflateStream"/>, except that it adds the RFC1950 header 
            bytes to a compressed stream when compressing, or expects the RFC1950 header bytes when 
            decompressing.
            </para>
            </remarks>
        </member>
        <member name="M:Ionic.Zlib.ZlibStream.#ctor(System.IO.Stream,Ionic.Zlib.CompressionMode)">
            <summary>
            Create a ZlibStream using the specified CompressionMode.
            </summary>
            <remarks>
            <para>
            The ZlibStream will use the default compression level.
            </para>
            <para>
            See the documentation for the <see cref="T:Ionic.Zlib.DeflateStream"/> constructors for example code.
            </para>
            </remarks>
            <param name="stream">The stream which will be read or written.</param>
            <param name="mode">Indicates whether the ZlibStream will compress or decompress.</param>
        </member>
        <member name="M:Ionic.Zlib.ZlibStream.#ctor(System.IO.Stream,Ionic.Zlib.CompressionMode,Ionic.Zlib.CompressionLevel)">
            <summary>
            Create a ZlibStream using the specified CompressionMode and the specified CompressionLevel.
            </summary>
            <remarks>
            See the documentation for the <see cref="T:Ionic.Zlib.DeflateStream"/> constructors for example code.
            </remarks>
            <param name="stream">The stream to be read or written while deflating or inflating.</param>
            <param name="mode">Indicates whether the ZlibStream will compress or decompress.</param>
            <param name="level">A tuning knob to trade speed for effectiveness.</param>
        </member>
        <member name="M:Ionic.Zlib.ZlibStream.#ctor(System.IO.Stream,Ionic.Zlib.CompressionMode,System.Boolean)">
            <summary>
            Create a ZlibStream using the specified CompressionMode, and explicitly specify whether
            the stream should be left open after Deflation or Inflation.
            </summary>
            <remarks>
            <para>
            This constructor allows the application to request that the captive stream remain open after
            the deflation or inflation occurs.  By default, after Close() is called on the stream, the 
            captive stream is also closed. In some cases this is not desired, for example if the stream 
            is a memory stream that will be re-read after compression.  Specify true for the 
            leaveOpen parameter to leave the stream open. 
            </para>
            <para>
            The ZlibStream will use the default compression level.
            </para>
            <para>
            See the documentation for the <see cref="T:Ionic.Zlib.DeflateStream"/> constructors for example code.
            </para>
            </remarks>
            <param name="stream">The stream which will be read or written. This is called the 
            "captive" stream in other places in this documentation.</param>
            <param name="mode">Indicates whether the ZlibStream will compress or decompress.</param>
            <param name="leaveOpen">true if the application would like the stream to remain open after inflation/deflation.</param>
        </member>
        <member name="M:Ionic.Zlib.ZlibStream.#ctor(System.IO.Stream,Ionic.Zlib.CompressionMode,Ionic.Zlib.CompressionLevel,System.Boolean)">
            <summary>
            Create a ZlibStream using the specified CompressionMode and the specified CompressionLevel, 
            and explicitly specify whether
            the stream should be left open after Deflation or Inflation.
            </summary>
            <remarks>
            <para>
            This constructor allows the application to request that the captive stream remain open after
            the deflation or inflation occurs.  By default, after Close() is called on the stream, the 
            captive stream is also closed. In some cases this is not desired, for example if the stream 
            is a memory stream that will be re-read after compression.  Specify true for the 
            leaveOpen parameter to leave the stream open. 
            </para>
            </remarks>
            
            <example>
            <code>
            public void TestStreamCompression()
            {
                System.IO.MemoryStream msSinkCompressed;
                System.IO.MemoryStream msSinkDecompressed;
                ZlibStream zOut;
                String helloOriginal = "Hello, World!  This String will be compressed...";
            
                // first, compress:
                msSinkCompressed = new System.IO.MemoryStream();
                zOut = new ZlibStream(msSinkCompressed, CompressionMode.Compress, CompressionLevel.LEVEL9_BEST_COMPRESSION, true);
                CopyStream(StringToMemoryStream(helloOriginal), zOut);
                zOut.Close();
            
                // at this point, msSinkCompressed contains the compressed bytes
            
                // now, decompress:
                msSinkDecompressed = new System.IO.MemoryStream();
                zOut = new ZlibStream(msSinkDecompressed, CompressionMode.Decompress);
                msSinkCompressed.Position = 0;
                CopyStream(msSinkCompressed, zOut);
            
                string result = MemoryStreamToString(msSinkDecompressed);
                Console.WriteLine("decompressed: {0}", result);
            }
            
            private static void CopyStream(System.IO.Stream src, System.IO.Stream dest)
            {
                byte[] buffer = new byte[1024];
                int len = src.Read(buffer, 0, buffer.Length);
                while (len &gt; 0)
                {
                    dest.Write(buffer, 0, len);
                    len = src.Read(buffer, 0, buffer.Length);
                }
                dest.Flush();
            }
            
            static System.IO.MemoryStream StringToMemoryStream(string s)
            {
                System.Text.ASCIIEncoding enc = new System.Text.ASCIIEncoding();
                int byteCount = enc.GetByteCount(s.ToCharArray(), 0, s.Length);
                byte[] ByteArray = new byte[byteCount];
                int bytesEncodedCount = enc.GetBytes(s, 0, s.Length, ByteArray, 0);
                System.IO.MemoryStream ms = new System.IO.MemoryStream(ByteArray);
                return ms;
            }
            
            static String MemoryStreamToString(System.IO.MemoryStream ms)
            {
                byte[] ByteArray = ms.ToArray();
                System.Text.ASCIIEncoding enc = new System.Text.ASCIIEncoding();
                var s = enc.GetString(ByteArray);
                return s;
            }
            </code>
            </example>
            <param name="stream">The stream which will be read or written.</param>
            <param name="mode">Indicates whether the ZlibStream will compress or decompress.</param>
            <param name="leaveOpen">true if the application would like the stream to remain open after inflation/deflation.</param>
            <param name="level">A tuning knob to trade speed for effectiveness.</param>
        </member>
        <member name="M:Ionic.Zlib.ZlibStream.Close">
            <summary>
            Close the stream.  
            </summary>
            <remarks>
            This may or may not close the captive stream. 
            See the ctor's with leaveOpen parameters for more information.
            </remarks>
        </member>
        <member name="M:Ionic.Zlib.ZlibStream.Flush">
            <summary>
            Flush the stream.
            </summary>
        </member>
        <member name="M:Ionic.Zlib.ZlibStream.Read(System.Byte[],System.Int32,System.Int32)">
            <summary>
            Read data from the stream. 
            </summary>
            <remarks>
            <para>
            If you wish to use the ZlibStream to compress data while reading, you can create a ZlibStream with 
            CompressionMode.Compress, providing an uncompressed data stream.  Then call Read() on that ZlibStream, 
            and the data read will be compressed. 
            If you wish to use the ZlibStream to decompress data while reading, you can create a ZlibStream with 
            CompressionMode.Decompress, providing a readable compressed data stream.  Then call Read() on that ZlibStream, 
            and the data read will be decompressed. 
            </para>
            <para>
            A ZlibStream can be used for Read() or Write(), but not both. 
            </para>
            </remarks>
            <param name="buffer">The buffer into which the read data should be placed.</param>
            <param name="offset">the offset within that data array to put the first byte read.</param>
            <param name="count">the number of bytes to read.</param>
        </member>
        <member name="M:Ionic.Zlib.ZlibStream.Seek(System.Int64,System.IO.SeekOrigin)">
            <summary>
            Calling this method always throws a NotImplementedException.
            </summary>
        </member>
        <member name="M:Ionic.Zlib.ZlibStream.SetLength(System.Int64)">
            <summary>
            Calling this method always throws a NotImplementedException.
            </summary>
        </member>
        <member name="M:Ionic.Zlib.ZlibStream.Write(System.Byte[],System.Int32,System.Int32)">
            <summary>
            Write data to the stream. 
            </summary>
            <remarks>
            <para>
            If you wish to use the ZlibStream to compress data while writing, you can create a ZlibStream with 
            CompressionMode.Compress, and a writable output stream.  Then call Write() on that ZlibStream, 
            providing uncompressed data as input.  The data sent to the output stream will be the compressed form of the data written.
            If you wish to use the ZlibStream to decompress data while writing, you can create a ZlibStream with 
            CompressionMode.Decompress, and a writable output stream.  Then call Write() on that stream, providing previously 
            compressed data. The data sent to the output stream will be the decompressed form of the data written.   
            </para>
            <para>
            A ZlibStream can be used for Read() or Write(), but not both. 
            </para>
            </remarks>
            <param name="buffer">The buffer holding data to write to the stream.</param>
            <param name="offset">the offset within that data array to find the first byte to write.</param>
            <param name="count">the number of bytes to write.</param>
        </member>
        <member name="P:Ionic.Zlib.ZlibStream.FlushMode">
            <summary>
            This property sets the flush behavior on the stream.  
            Sorry, though, not sure exactly how to describe all the various settings.
            </summary>
        </member>
        <member name="P:Ionic.Zlib.ZlibStream.BufferSize">
            <summary>
            Callers can set the buffer size of the working buffer with this property.  
            </summary>
            <remarks>
            The working buffer is used for all stream operations.
            The default size is 1024 bytes.  The minimum size is 128 bytes. You may get better 
            performance with a larger buffer.  Then again, you might not.  I don't know, I haven't tested it.  
            </remarks>
        </member>
        <member name="P:Ionic.Zlib.ZlibStream.TotalIn">
            <summary> Returns the total number of bytes input so far.</summary>
        </member>
        <member name="P:Ionic.Zlib.ZlibStream.TotalOut">
            <summary> Returns the total number of bytes output so far.</summary>
        </member>
        <member name="P:Ionic.Zlib.ZlibStream.CanRead">
            <summary>
            Indicates whether the stream can be read.
            </summary>
            <remarks>
            The return value depends on whether the captive stream supports reading.
            </remarks>
        </member>
        <member name="P:Ionic.Zlib.ZlibStream.CanSeek">
            <summary>
            Indicates whether the stream supports Seek operations.
            </summary>
            <remarks>
            Always returns false.
            </remarks>
        </member>
        <member name="P:Ionic.Zlib.ZlibStream.CanWrite">
            <summary>
            Indicates whether the stream can be written.
            </summary>
            <remarks>
            The return value depends on whether the captive stream supports writing.
            </remarks>
        </member>
        <member name="P:Ionic.Zlib.ZlibStream.Length">
            <summary>
            Reading this property always throws a NotImplementedException.
            </summary>
        </member>
        <member name="P:Ionic.Zlib.ZlibStream.Position">
            <summary>
            Reading or Writing this property always throws a NotImplementedException.
            </summary>
        </member>
    </members>
</doc>
